bundle_path,kind,resolved_source,byte_count,sha256_or_policy
01_complete_wavefields/README.md,file,/root/autodl-tmp/work/FNO-Acoustic-Wave-Simulation/grouped-dual-head-v2/paper/tgrs_helmholtz_operator/experiment_evidence_bundle_20260813/01_complete_wavefields/README.md,288,9f7d9607ec0e117db819d7f1a484f61c6dc267514ab1af5ae88edc44707588dd
01_complete_wavefields/full_401_frames_layered.npz,symlink,/root/autodl-tmp/work/FNO-Acoustic-Wave-Simulation/grouped-dual-head-v2/results/wavefield_viz/full_frames_layered_w192.npz,157174267,not_hashed_over_20MiB
01_complete_wavefields/full_401_frames_marmousi.npz,symlink,/root/autodl-tmp/work/FNO-Acoustic-Wave-Simulation/grouped-dual-head-v2/results/wavefield_viz/full_frames_marmousi_w192.npz,134610767,not_hashed_over_20MiB
01_complete_wavefields/full_401_frames_uniform.npz,symlink,/root/autodl-tmp/work/FNO-Acoustic-Wave-Simulation/grouped-dual-head-v2/results/wavefield_viz/full_frames_uniform_w192.npz,147209894,not_hashed_over_20MiB
02_wavefield_snapshots/historical_phase4b_layered_snapshots.png,file,/root/autodl-tmp/work/FNO-Acoustic-Wave-Simulation/grouped-dual-head-v2/paper/tgrs_helmholtz_operator/experiment_evidence_bundle_20260813/02_wavefield_snapshots/historical_phase4b_layered_snapshots.png,460132,cb65916d90a00477242c47e844beb04803673bcdc2dae7bbbfa84d95a1f0f2dd
02_wavefield_snapshots/historical_phase4b_marmousi_snapshots.png,file,/root/autodl-tmp/work/FNO-Acoustic-Wave-Simulation/grouped-dual-head-v2/paper/tgrs_helmholtz_operator/experiment_evidence_bundle_20260813/02_wavefield_snapshots/historical_phase4b_marmousi_snapshots.png,614697,5b4557a67c5779a721c0ba0c119fb63448013502dc1271e10da25191c220aa99
02_wavefield_snapshots/historical_phase4b_uniform_snapshots.png,file,/root/autodl-tmp/work/FNO-Acoustic-Wave-Simulation/grouped-dual-head-v2/paper/tgrs_helmholtz_operator/experiment_evidence_bundle_20260813/02_wavefield_snapshots/historical_phase4b_uniform_snapshots.png,567966,6ec75d582c3f9f98fedc3bbdd98286e58fe53663e2c9add8b061cee93a61c576
02_wavefield_snapshots/historical_pretrained_layered.png,file,/root/autodl-tmp/work/FNO-Acoustic-Wave-Simulation/grouped-dual-head-v2/paper/tgrs_helmholtz_operator/experiment_evidence_bundle_20260813/02_wavefield_snapshots/historical_pretrained_layered.png,508557,e4188e7abb6af572115ceedd9c882f4e98ee7bfe97d7ef395a55c9a46b156838
02_wavefield_snapshots/historical_pretrained_marmousi.png,file,/root/autodl-tmp/work/FNO-Acoustic-Wave-Simulation/grouped-dual-head-v2/paper/tgrs_helmholtz_operator/experiment_evidence_bundle_20260813/02_wavefield_snapshots/historical_pretrained_marmousi.png,380411,e999f1503012db9d3aefe5dbf4419d03e6b162b9a6dcdba982c2a66e17739e34
02_wavefield_snapshots/historical_pretrained_uniform.png,file,/root/autodl-tmp/work/FNO-Acoustic-Wave-Simulation/grouped-dual-head-v2/paper/tgrs_helmholtz_operator/experiment_evidence_bundle_20260813/02_wavefield_snapshots/historical_pretrained_uniform.png,543268,6c8ae8feb14016d9fb51898e6a76f56a95706391d1b42387772f927f3a7ed34c
02_wavefield_snapshots/pde_adaptation_layered_wavefield_comparison.pdf,file,/root/autodl-tmp/work/FNO-Acoustic-Wave-Simulation/grouped-dual-head-v2/paper/tgrs_helmholtz_operator/experiment_evidence_bundle_20260813/02_wavefield_snapshots/pde_adaptation_layered_wavefield_comparison.pdf,154497,a78e68b1df3f01ef2c1221dd2a2af92c419affb7e828a0321ff03b8f1e51359f
02_wavefield_snapshots/pde_adaptation_layered_wavefield_comparison.png,file,/root/autodl-tmp/work/FNO-Acoustic-Wave-Simulation/grouped-dual-head-v2/paper/tgrs_helmholtz_operator/experiment_evidence_bundle_20260813/02_wavefield_snapshots/pde_adaptation_layered_wavefield_comparison.png,915709,42c63988f435ea5afbcaef57e78c61855372327b121797b32f72d6f65883cf2e
02_wavefield_snapshots/pde_adaptation_marmousi_wavefield_comparison.pdf,file,/root/autodl-tmp/work/FNO-Acoustic-Wave-Simulation/grouped-dual-head-v2/paper/tgrs_helmholtz_operator/experiment_evidence_bundle_20260813/02_wavefield_snapshots/pde_adaptation_marmousi_wavefield_comparison.pdf,175614,f86e95b5b68f2b10b8e2802d1cc6962543843a7cbf1e7a5e27663cf3d65d821c
02_wavefield_snapshots/pde_adaptation_marmousi_wavefield_comparison.png,file,/root/autodl-tmp/work/FNO-Acoustic-Wave-Simulation/grouped-dual-head-v2/paper/tgrs_helmholtz_operator/experiment_evidence_bundle_20260813/02_wavefield_snapshots/pde_adaptation_marmousi_wavefield_comparison.png,1232697,cb36012b4d62e1b25a90db5cc098fa43a174dd0efe3af16c808a487754a8d784
02_wavefield_snapshots/pde_adaptation_uniform_wavefield_comparison.pdf,file,/root/autodl-tmp/work/FNO-Acoustic-Wave-Simulation/grouped-dual-head-v2/paper/tgrs_helmholtz_operator/experiment_evidence_bundle_20260813/02_wavefield_snapshots/pde_adaptation_uniform_wavefield_comparison.pdf,154508,b6db6142aa5bf7b28b1bb9f76681bda6602fb4f6bba019ebc9850c4625a50a26
02_wavefield_snapshots/pde_adaptation_uniform_wavefield_comparison.png,file,/root/autodl-tmp/work/FNO-Acoustic-Wave-Simulation/grouped-dual-head-v2/paper/tgrs_helmholtz_operator/experiment_evidence_bundle_20260813/02_wavefield_snapshots/pde_adaptation_uniform_wavefield_comparison.png,1343842,913d17b975ed8fa12a001c0b1d452c82bcf31584c6fc7d6d837cc7d376dc3dd2
02_wavefield_snapshots/pretrained_snapshot_relative_l2.json,file,/root/autodl-tmp/work/FNO-Acoustic-Wave-Simulation/grouped-dual-head-v2/paper/tgrs_helmholtz_operator/experiment_evidence_bundle_20260813/02_wavefield_snapshots/pretrained_snapshot_relative_l2.json,248,422e533c46b08088ec7de7f41c78ed5ca1401b16d210341d482ff309f077ea1e
03_receiver_waveforms/historical_phase4b_layered_gather.png,file,/root/autodl-tmp/work/FNO-Acoustic-Wave-Simulation/grouped-dual-head-v2/paper/tgrs_helmholtz_operator/experiment_evidence_bundle_20260813/03_receiver_waveforms/historical_phase4b_layered_gather.png,183233,37cabf287ea17e680562f7399d4c8b44317c95dc1971ea58270173340955a4fc
03_receiver_waveforms/historical_phase4b_layered_waveforms.png,file,/root/autodl-tmp/work/FNO-Acoustic-Wave-Simulation/grouped-dual-head-v2/paper/tgrs_helmholtz_operator/experiment_evidence_bundle_20260813/03_receiver_waveforms/historical_phase4b_layered_waveforms.png,346349,5cff6a65654ee3214d0e53dad50c2834740c3610b22fe82e2fa3a5b17a26f992
03_receiver_waveforms/historical_phase4b_marmousi_gather.png,file,/root/autodl-tmp/work/FNO-Acoustic-Wave-Simulation/grouped-dual-head-v2/paper/tgrs_helmholtz_operator/experiment_evidence_bundle_20260813/03_receiver_waveforms/historical_phase4b_marmousi_gather.png,267016,fa5ab708ff3853f844f0d770c831fb100ca41548ff942fd0c907f9d977844f65
03_receiver_waveforms/historical_phase4b_marmousi_waveforms.png,file,/root/autodl-tmp/work/FNO-Acoustic-Wave-Simulation/grouped-dual-head-v2/paper/tgrs_helmholtz_operator/experiment_evidence_bundle_20260813/03_receiver_waveforms/historical_phase4b_marmousi_waveforms.png,361544,6467ff692b92fd0cb229f5c0c3078799961df8edbe8e44d39d7fe414ab570ae9
03_receiver_waveforms/historical_phase4b_uniform_gather.png,file,/root/autodl-tmp/work/FNO-Acoustic-Wave-Simulation/grouped-dual-head-v2/paper/tgrs_helmholtz_operator/experiment_evidence_bundle_20260813/03_receiver_waveforms/historical_phase4b_uniform_gather.png,144964,123a39fc156e9433ec9d6d3d3f657398a1581e533de1e320514fe9083968cc80
03_receiver_waveforms/historical_phase4b_uniform_waveforms.png,file,/root/autodl-tmp/work/FNO-Acoustic-Wave-Simulation/grouped-dual-head-v2/paper/tgrs_helmholtz_operator/experiment_evidence_bundle_20260813/03_receiver_waveforms/historical_phase4b_uniform_waveforms.png,272113,5cd0ce4ba8e17ca71eff807d01387ce756cdaddb316f1cb722fed2a730df74d0
03_receiver_waveforms/historical_pretrained_layered_gather.png,file,/root/autodl-tmp/work/FNO-Acoustic-Wave-Simulation/grouped-dual-head-v2/paper/tgrs_helmholtz_operator/experiment_evidence_bundle_20260813/03_receiver_waveforms/historical_pretrained_layered_gather.png,201306,da3013d9c4c86ff18bc466866090686dfd3951678b6bc20e5f9da4d0a6512db6
03_receiver_waveforms/historical_pretrained_layered_traces.png,file,/root/autodl-tmp/work/FNO-Acoustic-Wave-Simulation/grouped-dual-head-v2/paper/tgrs_helmholtz_operator/experiment_evidence_bundle_20260813/03_receiver_waveforms/historical_pretrained_layered_traces.png,215654,850e19a4f1f20a23c299acc3847dd6e8a0b212a0020ff47fe9e450948ce9851f
03_receiver_waveforms/historical_pretrained_marmousi_gather.png,file,/root/autodl-tmp/work/FNO-Acoustic-Wave-Simulation/grouped-dual-head-v2/paper/tgrs_helmholtz_operator/experiment_evidence_bundle_20260813/03_receiver_waveforms/historical_pretrained_marmousi_gather.png,199216,e26e45cda84f95e852d450989e2fa581e2fa4e0cf44dae2dbf09bbbab53cb263
03_receiver_waveforms/historical_pretrained_marmousi_traces.png,file,/root/autodl-tmp/work/FNO-Acoustic-Wave-Simulation/grouped-dual-head-v2/paper/tgrs_helmholtz_operator/experiment_evidence_bundle_20260813/03_receiver_waveforms/historical_pretrained_marmousi_traces.png,200663,90d1d432041311a07da197c0e4222ea9299b40ccb75390af5847e1b30378f87d
03_receiver_waveforms/historical_pretrained_uniform_gather.png,file,/root/autodl-tmp/work/FNO-Acoustic-Wave-Simulation/grouped-dual-head-v2/paper/tgrs_helmholtz_operator/experiment_evidence_bundle_20260813/03_receiver_waveforms/historical_pretrained_uniform_gather.png,200814,41c7a8aa91bd56a963d131344770925f804a4142e2c217e05ce5d527f77a79c7
03_receiver_waveforms/historical_pretrained_uniform_traces.png,file,/root/autodl-tmp/work/FNO-Acoustic-Wave-Simulation/grouped-dual-head-v2/paper/tgrs_helmholtz_operator/experiment_evidence_bundle_20260813/03_receiver_waveforms/historical_pretrained_uniform_traces.png,214217,71a0ef25fd7ecb5aa0981518ee727296ab262cba91b325c4096c5db123f8c848
03_receiver_waveforms/pde_adaptation_layered_receiver_waveforms.pdf,file,/root/autodl-tmp/work/FNO-Acoustic-Wave-Simulation/grouped-dual-head-v2/paper/tgrs_helmholtz_operator/experiment_evidence_bundle_20260813/03_receiver_waveforms/pde_adaptation_layered_receiver_waveforms.pdf,95515,b1cd045a7a1a1d0311365204d1a79578ff04d7e9206a1f3f9878542234471d9b
03_receiver_waveforms/pde_adaptation_layered_receiver_waveforms.png,file,/root/autodl-tmp/work/FNO-Acoustic-Wave-Simulation/grouped-dual-head-v2/paper/tgrs_helmholtz_operator/experiment_evidence_bundle_20260813/03_receiver_waveforms/pde_adaptation_layered_receiver_waveforms.png,272628,87e2061b0b81a049c5631eda6a6738f19f47f6cceb306c4954e0b599e8cc6ed5
03_receiver_waveforms/pde_adaptation_marmousi_receiver_waveforms.pdf,file,/root/autodl-tmp/work/FNO-Acoustic-Wave-Simulation/grouped-dual-head-v2/paper/tgrs_helmholtz_operator/experiment_evidence_bundle_20260813/03_receiver_waveforms/pde_adaptation_marmousi_receiver_waveforms.pdf,70248,0aab423ec60eb8ab071278f608190892ebd1ea2069f8d15e5e174fd0036c2029
03_receiver_waveforms/pde_adaptation_marmousi_receiver_waveforms.png,file,/root/autodl-tmp/work/FNO-Acoustic-Wave-Simulation/grouped-dual-head-v2/paper/tgrs_helmholtz_operator/experiment_evidence_bundle_20260813/03_receiver_waveforms/pde_adaptation_marmousi_receiver_waveforms.png,211652,b263d4814245bcdde69143d57a0a071c3ca1e53f545e5054df9e2edbd54d1e72
03_receiver_waveforms/pde_adaptation_uniform_receiver_waveforms.pdf,file,/root/autodl-tmp/work/FNO-Acoustic-Wave-Simulation/grouped-dual-head-v2/paper/tgrs_helmholtz_operator/experiment_evidence_bundle_20260813/03_receiver_waveforms/pde_adaptation_uniform_receiver_waveforms.pdf,107343,e6cc6035efc64456f65f987c3c5737c75ab4cea4ecc49bdfbe86bf659cfb5499
03_receiver_waveforms/pde_adaptation_uniform_receiver_waveforms.png,file,/root/autodl-tmp/work/FNO-Acoustic-Wave-Simulation/grouped-dual-head-v2/paper/tgrs_helmholtz_operator/experiment_evidence_bundle_20260813/03_receiver_waveforms/pde_adaptation_uniform_receiver_waveforms.png,262023,53d196be672e14e5e7235920d33106345728399efc4091567b303b0c3da6bf74
04_numerical_dispersion/DISPERSION_CONCLUSION.md,file,/root/autodl-tmp/work/FNO-Acoustic-Wave-Simulation/grouped-dual-head-v2/paper/tgrs_helmholtz_operator/experiment_evidence_bundle_20260813/04_numerical_dispersion/DISPERSION_CONCLUSION.md,424,bc73cc588a2992429bfc37775c60d88d58f626cc3d71dd5baeb59f9a485bc6db
04_numerical_dispersion/historical_three_record_comparison.json,file,/root/autodl-tmp/work/FNO-Acoustic-Wave-Simulation/grouped-dual-head-v2/paper/tgrs_helmholtz_operator/experiment_evidence_bundle_20260813/04_numerical_dispersion/historical_three_record_comparison.json,9013,1b068f74c9439192b051e6eee1ac9c65e788cd50b2f498542d4404a38a65e092
04_numerical_dispersion/learned_dispersion_claim_gate.json,file,/root/autodl-tmp/work/FNO-Acoustic-Wave-Simulation/grouped-dual-head-v2/paper/tgrs_helmholtz_operator/experiment_evidence_bundle_20260813/04_numerical_dispersion/learned_dispersion_claim_gate.json,296,56e9a0cf49ebf01eeac88abc15e97e98aa6c979ea5879e2638c8c22982be867e
04_numerical_dispersion/phase_velocity.csv,file,/root/autodl-tmp/work/FNO-Acoustic-Wave-Simulation/grouped-dual-head-v2/paper/tgrs_helmholtz_operator/experiment_evidence_bundle_20260813/04_numerical_dispersion/phase_velocity.csv,1018671,9bdde71b69280e69710ca8913f361c2ab129e5380780c58cb03cdc246bbb5f4b
04_numerical_dispersion/phase_velocity.pdf,file,/root/autodl-tmp/work/FNO-Acoustic-Wave-Simulation/grouped-dual-head-v2/paper/tgrs_helmholtz_operator/experiment_evidence_bundle_20260813/04_numerical_dispersion/phase_velocity.pdf,28156,e11f2cbfac5e84f524d313fd9eab89ee0f0cd06d1273858d46cf5a6fabc60fc6
04_numerical_dispersion/phase_velocity.png,file,/root/autodl-tmp/work/FNO-Acoustic-Wave-Simulation/grouped-dual-head-v2/paper/tgrs_helmholtz_operator/experiment_evidence_bundle_20260813/04_numerical_dispersion/phase_velocity.png,137153,61c03687ad7d30445f1dada1af959e68a094b4b5c2adde3f96c3deb591db52ec
04_numerical_dispersion/phase_velocity_summary.json,file,/root/autodl-tmp/work/FNO-Acoustic-Wave-Simulation/grouped-dual-head-v2/paper/tgrs_helmholtz_operator/experiment_evidence_bundle_20260813/04_numerical_dispersion/phase_velocity_summary.json,864,bf66cb726e38e1e311f9282aa19733c384226654a4557621fff576b3973b039f
05_relative_error/cpadc_r7_all_960_records.csv,file,/root/autodl-tmp/work/FNO-Acoustic-Wave-Simulation/grouped-dual-head-v2/paper/tgrs_helmholtz_operator/experiment_evidence_bundle_20260813/05_relative_error/cpadc_r7_all_960_records.csv,103556,6678b997246753f0cdace6eb784c1f9bd46d7ff10c2c7cf1c3cfea30d70770c9
05_relative_error/cpadc_r7_all_960_records_boxplot.pdf,file,/root/autodl-tmp/work/FNO-Acoustic-Wave-Simulation/grouped-dual-head-v2/paper/tgrs_helmholtz_operator/experiment_evidence_bundle_20260813/05_relative_error/cpadc_r7_all_960_records_boxplot.pdf,19559,ca3dddb6439eca859bfa6b071947261b77f8a1f6aa4a956978ece606aa3303e7
05_relative_error/cpadc_r7_all_960_records_boxplot.png,file,/root/autodl-tmp/work/FNO-Acoustic-Wave-Simulation/grouped-dual-head-v2/paper/tgrs_helmholtz_operator/experiment_evidence_bundle_20260813/05_relative_error/cpadc_r7_all_960_records_boxplot.png,158619,2db0569e8636f18bfea46d0fcc8b38d7ce5ce2bc583e32f63d2c86c5f9321ef8
05_relative_error/cpadc_r7_all_960_records_summary.json,file,/root/autodl-tmp/work/FNO-Acoustic-Wave-Simulation/grouped-dual-head-v2/paper/tgrs_helmholtz_operator/experiment_evidence_bundle_20260813/05_relative_error/cpadc_r7_all_960_records_summary.json,4347,a9fe71764053b0673821402c5354385b013e9f169e7e1e2ff2315ccef41297d5
05_relative_error/cpadc_r7_test_id_complete_summary.json,file,/root/autodl-tmp/work/FNO-Acoustic-Wave-Simulation/grouped-dual-head-v2/paper/tgrs_helmholtz_operator/experiment_evidence_bundle_20260813/05_relative_error/cpadc_r7_test_id_complete_summary.json,3105941,86061025e92bc36b76f7703c4208b9572c1ebaa5644d84212e3c80064eaac517
05_relative_error/cpadc_r7_validation_complete_summary.json,file,/root/autodl-tmp/work/FNO-Acoustic-Wave-Simulation/grouped-dual-head-v2/paper/tgrs_helmholtz_operator/experiment_evidence_bundle_20260813/05_relative_error/cpadc_r7_validation_complete_summary.json,3113614,88591a63d025040e442229377831ad1e8bb8f349967601468e21ec47ede064ed
05_relative_error/latest_fixed19hz_all_240_records.csv,file,/root/autodl-tmp/work/FNO-Acoustic-Wave-Simulation/grouped-dual-head-v2/paper/tgrs_helmholtz_operator/experiment_evidence_bundle_20260813/05_relative_error/latest_fixed19hz_all_240_records.csv,33711,365e98749d16997665802c4069c8f4cb0dacaa20db8fe61a340460543d39707a
05_relative_error/latest_fixed19hz_all_240_records_boxplot.pdf,file,/root/autodl-tmp/work/FNO-Acoustic-Wave-Simulation/grouped-dual-head-v2/paper/tgrs_helmholtz_operator/experiment_evidence_bundle_20260813/05_relative_error/latest_fixed19hz_all_240_records_boxplot.pdf,24588,1db8b909df1df9436b4ca07d19290c1021e9f871162aafa2674d2e4cf7f987c5
05_relative_error/latest_fixed19hz_all_240_records_boxplot.png,file,/root/autodl-tmp/work/FNO-Acoustic-Wave-Simulation/grouped-dual-head-v2/paper/tgrs_helmholtz_operator/experiment_evidence_bundle_20260813/05_relative_error/latest_fixed19hz_all_240_records_boxplot.png,190524,78e5cb7ae0d5824ceb2abc6c11da9c2662971fbe24f96d16f24ff3c86553b8df
05_relative_error/latest_fixed19hz_all_240_records_summary.json,file,/root/autodl-tmp/work/FNO-Acoustic-Wave-Simulation/grouped-dual-head-v2/paper/tgrs_helmholtz_operator/experiment_evidence_bundle_20260813/05_relative_error/latest_fixed19hz_all_240_records_summary.json,1195,c97ab8a35b63bfc6d0d1b8601b81bffe3e0f3ec5f67682c8ab4cfdbd11dba943
05_relative_error/r5b_fixed_train_gate_all_48_records.csv,file,/root/autodl-tmp/work/FNO-Acoustic-Wave-Simulation/grouped-dual-head-v2/paper/tgrs_helmholtz_operator/experiment_evidence_bundle_20260813/05_relative_error/r5b_fixed_train_gate_all_48_records.csv,4158,2239e7dc415e2d19c19e5b49ec40136057b3bd7d7747d4d35a30c5caddecdae7
05_relative_error/r5b_fixed_train_gate_all_48_records_boxplot.pdf,file,/root/autodl-tmp/work/FNO-Acoustic-Wave-Simulation/grouped-dual-head-v2/paper/tgrs_helmholtz_operator/experiment_evidence_bundle_20260813/05_relative_error/r5b_fixed_train_gate_all_48_records_boxplot.pdf,20170,81e1b36beb7207976bbe8c866b6f58262c25b31b43631c11b01275a8a2329630
05_relative_error/r5b_fixed_train_gate_all_48_records_boxplot.png,file,/root/autodl-tmp/work/FNO-Acoustic-Wave-Simulation/grouped-dual-head-v2/paper/tgrs_helmholtz_operator/experiment_evidence_bundle_20260813/05_relative_error/r5b_fixed_train_gate_all_48_records_boxplot.png,148732,40f4eab08badb9b17b8fe8563e257108ceba795e8430b7e73430949c1a634be5
05_relative_error/r5b_fixed_train_gate_summary.json,file,/root/autodl-tmp/work/FNO-Acoustic-Wave-Simulation/grouped-dual-head-v2/paper/tgrs_helmholtz_operator/experiment_evidence_bundle_20260813/05_relative_error/r5b_fixed_train_gate_summary.json,1804,7813d162f493e09c0c6ee665508edaa7945b8ab616b766566fb653d4aee25870
06_network_hyperparameters/NETWORK_HYPERPARAMETERS.md,file,/root/autodl-tmp/work/FNO-Acoustic-Wave-Simulation/grouped-dual-head-v2/paper/tgrs_helmholtz_operator/experiment_evidence_bundle_20260813/06_network_hyperparameters/NETWORK_HYPERPARAMETERS.md,1550,59f45af5789fe9b67af7d94d7d692eb9aa4a0d626d76fe1b0885629ed7999de7
06_network_hyperparameters/configs/patch_deeponet_registered_config.yaml,file,/root/autodl-tmp/work/FNO-Acoustic-Wave-Simulation/grouped-dual-head-v2/paper/tgrs_helmholtz_operator/experiment_evidence_bundle_20260813/06_network_hyperparameters/configs/patch_deeponet_registered_config.yaml,1812,3ef6126019a713a273b0dcafd64c5a3a0c8f184cc8f7120913977b5ac62bbfd5
06_network_hyperparameters/configs/r5b_selected_config.yaml,file,/root/autodl-tmp/work/FNO-Acoustic-Wave-Simulation/grouped-dual-head-v2/paper/tgrs_helmholtz_operator/experiment_evidence_bundle_20260813/06_network_hyperparameters/configs/r5b_selected_config.yaml,4031,b76650fc4e506f1eb68174a6d0cdc24db4c54083e2e74eace0e1907a2b2df034
06_network_hyperparameters/configs/r5d_diagnostic_config.yaml,file,/root/autodl-tmp/work/FNO-Acoustic-Wave-Simulation/grouped-dual-head-v2/paper/tgrs_helmholtz_operator/experiment_evidence_bundle_20260813/06_network_hyperparameters/configs/r5d_diagnostic_config.yaml,4530,f6811ea0f4bceed4d4f9d7173c3776926f590c510a55f6e3a46ce4d329a37b38
06_network_hyperparameters/configs/r5e_registered_config.yaml,file,/root/autodl-tmp/work/FNO-Acoustic-Wave-Simulation/grouped-dual-head-v2/paper/tgrs_helmholtz_operator/experiment_evidence_bundle_20260813/06_network_hyperparameters/configs/r5e_registered_config.yaml,4722,88561ec9dd376f6e422d3f4108c16424fb68ca307187f39a6ca2c4e1de08c7f3
06_network_hyperparameters/network_hyperparameters.csv,file,/root/autodl-tmp/work/FNO-Acoustic-Wave-Simulation/grouped-dual-head-v2/paper/tgrs_helmholtz_operator/experiment_evidence_bundle_20260813/06_network_hyperparameters/network_hyperparameters.csv,1003,31a5f5a93999e19af1274229fe6e8d702240231e9ef34f1c64c5a05a878a89fb
06_network_hyperparameters/network_hyperparameters.json,file,/root/autodl-tmp/work/FNO-Acoustic-Wave-Simulation/grouped-dual-head-v2/paper/tgrs_helmholtz_operator/experiment_evidence_bundle_20260813/06_network_hyperparameters/network_hyperparameters.json,11226,69352281bc1f2c051ffd5c0a658513b3c2fa9806d4b8958cb87c5614e912ac29
07_protocols_and_figure_plan/confirmatory_experiment_protocol.json,file,/root/autodl-tmp/work/FNO-Acoustic-Wave-Simulation/grouped-dual-head-v2/paper/tgrs_helmholtz_operator/experiment_evidence_bundle_20260813/07_protocols_and_figure_plan/confirmatory_experiment_protocol.json,8921,e415a8a0c4a3816313106a474556bade2f6d734bdb889a4680f602a2cf01bd94
07_protocols_and_figure_plan/fixed19hz_position_figure_plan.md,file,/root/autodl-tmp/work/FNO-Acoustic-Wave-Simulation/grouped-dual-head-v2/paper/tgrs_helmholtz_operator/experiment_evidence_bundle_20260813/07_protocols_and_figure_plan/fixed19hz_position_figure_plan.md,4509,15098de9028686f9d63b9bd5139f7de8777c6328359bf859dac1d001061feb1c
07_protocols_and_figure_plan/fixed19hz_position_protocol.json,file,/root/autodl-tmp/work/FNO-Acoustic-Wave-Simulation/grouped-dual-head-v2/paper/tgrs_helmholtz_operator/experiment_evidence_bundle_20260813/07_protocols_and_figure_plan/fixed19hz_position_protocol.json,14727,25738716ebe8d93d65a18969b42d247c38e2f6b223b2acc756b602de2c7218ed
07_protocols_and_figure_plan/patch_deeponet_protocol.json,file,/root/autodl-tmp/work/FNO-Acoustic-Wave-Simulation/grouped-dual-head-v2/paper/tgrs_helmholtz_operator/experiment_evidence_bundle_20260813/07_protocols_and_figure_plan/patch_deeponet_protocol.json,5181,e60ec5cec34bb57402745a7120ac323746ec76621b1a392c41b03fe3f03cbaad
07_protocols_and_figure_plan/position_240_preregistration.json,file,/root/autodl-tmp/work/FNO-Acoustic-Wave-Simulation/grouped-dual-head-v2/paper/tgrs_helmholtz_operator/experiment_evidence_bundle_20260813/07_protocols_and_figure_plan/position_240_preregistration.json,2618,6ad42639c2ef1f2a9dde1da51ab599f3f1ee17c11e36014a1012b9446b50a1b0
08_reproducibility_and_diagnostics/current_vds_dependency_audit.json,file,/root/autodl-tmp/work/FNO-Acoustic-Wave-Simulation/grouped-dual-head-v2/paper/tgrs_helmholtz_operator/experiment_evidence_bundle_20260813/08_reproducibility_and_diagnostics/current_vds_dependency_audit.json,1462,8acc726755388e0c7f5f34be5010cd34f765f6a20a2f9b1359d7203833e8ab98
08_reproducibility_and_diagnostics/dataset_missing_file_diagnosis.md,file,/root/autodl-tmp/work/FNO-Acoustic-Wave-Simulation/grouped-dual-head-v2/paper/tgrs_helmholtz_operator/experiment_evidence_bundle_20260813/08_reproducibility_and_diagnostics/dataset_missing_file_diagnosis.md,2615,57558084bccaaf8943605663e008f3278435042d7bdb3060a66d87369c21d46a
08_reproducibility_and_diagnostics/patch_deeponet_static_audit.json,file,/root/autodl-tmp/work/FNO-Acoustic-Wave-Simulation/grouped-dual-head-v2/paper/tgrs_helmholtz_operator/experiment_evidence_bundle_20260813/08_reproducibility_and_diagnostics/patch_deeponet_static_audit.json,2156,97f37d53a787560c2ab460b3d64010e3c0bd457b3e8506b9934e1cd004b98440
08_reproducibility_and_diagnostics/patch_deeponet_training_audit.json,file,/root/autodl-tmp/work/FNO-Acoustic-Wave-Simulation/grouped-dual-head-v2/paper/tgrs_helmholtz_operator/experiment_evidence_bundle_20260813/08_reproducibility_and_diagnostics/patch_deeponet_training_audit.json,1915,664c8c80e4b33413dfed2ad8c9c51a1cf7e14abde9b12816c78035bbdd1f5253
08_reproducibility_and_diagnostics/r5b_architecture_audit.json,file,/root/autodl-tmp/work/FNO-Acoustic-Wave-Simulation/grouped-dual-head-v2/paper/tgrs_helmholtz_operator/experiment_evidence_bundle_20260813/08_reproducibility_and_diagnostics/r5b_architecture_audit.json,3998,b5ac3f1f384f78b8350fe5694b018d5ef7dd3cb8b51c3f179b3c62c798919e57
08_reproducibility_and_diagnostics/r5d_architecture_audit.json,file,/root/autodl-tmp/work/FNO-Acoustic-Wave-Simulation/grouped-dual-head-v2/paper/tgrs_helmholtz_operator/experiment_evidence_bundle_20260813/08_reproducibility_and_diagnostics/r5d_architecture_audit.json,3724,33469e716d1fb3c41c3a683e108edab24471bc4dedb75fb08959104b823a7813
08_reproducibility_and_diagnostics/r5d_time_selector_alignment_audit.json,file,/root/autodl-tmp/work/FNO-Acoustic-Wave-Simulation/grouped-dual-head-v2/paper/tgrs_helmholtz_operator/experiment_evidence_bundle_20260813/08_reproducibility_and_diagnostics/r5d_time_selector_alignment_audit.json,1175,6974d637f8ca3d5edfbe2647a26f9c9b7c117b57a9d0c0fb14d39fe3f119a955
08_reproducibility_and_diagnostics/relative_error_plateau_diagnosis.md,file,/root/autodl-tmp/work/FNO-Acoustic-Wave-Simulation/grouped-dual-head-v2/paper/tgrs_helmholtz_operator/experiment_evidence_bundle_20260813/08_reproducibility_and_diagnostics/relative_error_plateau_diagnosis.md,9470,ed36208b1f21793e3aca0cdd2f6121035f898fd231884047d5653af09143e5f0
09_pending_position_evaluation/README.md,file,/root/autodl-tmp/work/FNO-Acoustic-Wave-Simulation/grouped-dual-head-v2/paper/tgrs_helmholtz_operator/experiment_evidence_bundle_20260813/09_pending_position_evaluation/README.md,416,c9fcf4d19347af00f8c6b2f72f4b6fcb80637a6b7ce2705b1452c46cc3569ef9
09_pending_position_evaluation/checkpoint_selection.json,file,/root/autodl-tmp/work/FNO-Acoustic-Wave-Simulation/grouped-dual-head-v2/paper/tgrs_helmholtz_operator/experiment_evidence_bundle_20260813/09_pending_position_evaluation/checkpoint_selection.json,1094,0579675a8b85e06e5ddc9115877a0040a1547095543a678ee6babb85d2892410
09_pending_position_evaluation/figures/marmousi_fixed19hz_receiver_gathers.pdf,file,/root/autodl-tmp/work/FNO-Acoustic-Wave-Simulation/grouped-dual-head-v2/paper/tgrs_helmholtz_operator/experiment_evidence_bundle_20260813/09_pending_position_evaluation/figures/marmousi_fixed19hz_receiver_gathers.pdf,978687,31385ead0e7d771b47be046967d2ae6dcd3454f00c4c4b85f924173f53588fc3
09_pending_position_evaluation/figures/marmousi_fixed19hz_snapshots_t080.pdf,file,/root/autodl-tmp/work/FNO-Acoustic-Wave-Simulation/grouped-dual-head-v2/paper/tgrs_helmholtz_operator/experiment_evidence_bundle_20260813/09_pending_position_evaluation/figures/marmousi_fixed19hz_snapshots_t080.pdf,431842,83e3c94c09a63f04182cac89a95eb41555cf0f78c4baf50bbe8e56c855726f68
09_pending_position_evaluation/figures/marmousi_fixed19hz_snapshots_t240.pdf,file,/root/autodl-tmp/work/FNO-Acoustic-Wave-Simulation/grouped-dual-head-v2/paper/tgrs_helmholtz_operator/experiment_evidence_bundle_20260813/09_pending_position_evaluation/figures/marmousi_fixed19hz_snapshots_t240.pdf,834882,348ed3575a39034e6f2b1b9dc2af205bec470d83a5455ca44f687d4bb370ed50
09_pending_position_evaluation/figures/marmousi_fixed19hz_snapshots_t400.pdf,file,/root/autodl-tmp/work/FNO-Acoustic-Wave-Simulation/grouped-dual-head-v2/paper/tgrs_helmholtz_operator/experiment_evidence_bundle_20260813/09_pending_position_evaluation/figures/marmousi_fixed19hz_snapshots_t400.pdf,1235680,bee7dfecbe111e86c6e487042301a5577a3dd9854405debddd19014a701ec1f2
09_pending_position_evaluation/figures/marmousi_fixed19hz_source_positions.pdf,file,/root/autodl-tmp/work/FNO-Acoustic-Wave-Simulation/grouped-dual-head-v2/paper/tgrs_helmholtz_operator/experiment_evidence_bundle_20260813/09_pending_position_evaluation/figures/marmousi_fixed19hz_source_positions.pdf,39396,74d7f909781342ae76cfcb2e567072a99b4ea56ad93cee7f769926cb8854d36b
09_pending_position_evaluation/prediction_manifest.json,file,/root/autodl-tmp/work/FNO-Acoustic-Wave-Simulation/grouped-dual-head-v2/paper/tgrs_helmholtz_operator/experiment_evidence_bundle_20260813/09_pending_position_evaluation/prediction_manifest.json,214960,efb10498edbd923303daf16d319aabbcfaa2a6c0910298a08efe4be1ec16d3eb
09_pending_position_evaluation/reference_manifest.json,file,/root/autodl-tmp/work/FNO-Acoustic-Wave-Simulation/grouped-dual-head-v2/paper/tgrs_helmholtz_operator/experiment_evidence_bundle_20260813/09_pending_position_evaluation/reference_manifest.json,274613,a20b75a98295a735a603dcdcc0f7d48c3bd13330240636fc3d8005ee55b818f5
09_pending_position_evaluation/score_summary.json,file,/root/autodl-tmp/work/FNO-Acoustic-Wave-Simulation/grouped-dual-head-v2/paper/tgrs_helmholtz_operator/experiment_evidence_bundle_20260813/09_pending_position_evaluation/score_summary.json,625193,a43630f0f9d7931d63a1e42b59feae9fd8ab7c48730bfd5c1b889a94c97e028c
10_training_runs_read_only/README.md,file,/root/autodl-tmp/work/FNO-Acoustic-Wave-Simulation/grouped-dual-head-v2/paper/tgrs_helmholtz_operator/experiment_evidence_bundle_20260813/10_training_runs_read_only/README.md,349,91b655ccb88ca875794d493130a82877e891c70c740c5b9e5d1fac56b18bee79
11_latest_candidate_nonpromotion_test/README.md,file,/root/autodl-tmp/work/FNO-Acoustic-Wave-Simulation/grouped-dual-head-v2/paper/tgrs_helmholtz_operator/experiment_evidence_bundle_20260813/11_latest_candidate_nonpromotion_test/README.md,422,ae7ea00f06f9fa83ba6435257fd1d0d7ec4b65e24d865ae7a222a09b086c530d
11_latest_candidate_nonpromotion_test/comparison_report.json,file,/root/autodl-tmp/work/FNO-Acoustic-Wave-Simulation/grouped-dual-head-v2/paper/tgrs_helmholtz_operator/experiment_evidence_bundle_20260813/11_latest_candidate_nonpromotion_test/comparison_report.json,9828,a5b2f956ac45d7537b0e2d61a792dd2d972a4eab8579821aec08c51c96aa869a
11_latest_candidate_nonpromotion_test/nonpromotion_decision.json,file,/root/autodl-tmp/work/FNO-Acoustic-Wave-Simulation/grouped-dual-head-v2/paper/tgrs_helmholtz_operator/experiment_evidence_bundle_20260813/11_latest_candidate_nonpromotion_test/nonpromotion_decision.json,2181,9d4dfa5622ccb5b9c3974455fd0f7a091aac65f4371052a1aa2eae58deab2c64
11_latest_candidate_nonpromotion_test/prediction_manifest.json,file,/root/autodl-tmp/work/FNO-Acoustic-Wave-Simulation/grouped-dual-head-v2/paper/tgrs_helmholtz_operator/experiment_evidence_bundle_20260813/11_latest_candidate_nonpromotion_test/prediction_manifest.json,3623,467cf94f3649190318f10a129ae02c727674229065ef2949629f22a9a4ad101d
12_phase4b_fixed19_rank15_multisource/README.md,file,/root/autodl-tmp/work/FNO-Acoustic-Wave-Simulation/grouped-dual-head-v2/paper/tgrs_helmholtz_operator/experiment_evidence_bundle_20260813/12_phase4b_fixed19_rank15_multisource/README.md,1076,70705603e7ba58f099945884051bf5e06b4eef0b92bba9f152dfc0d0caa9c441
12_phase4b_fixed19_rank15_multisource/__pycache__/evaluate_phase4b_marmousi_fixed19_multisource.cpython-310.pyc,file,/root/autodl-tmp/work/FNO-Acoustic-Wave-Simulation/grouped-dual-head-v2/paper/tgrs_helmholtz_operator/experiment_evidence_bundle_20260813/12_phase4b_fixed19_rank15_multisource/__pycache__/evaluate_phase4b_marmousi_fixed19_multisource.cpython-310.pyc,25991,c4806eb226d605165461a6a87656ef05bf1fa151168e3e31884443670ea355e9
12_phase4b_fixed19_rank15_multisource/evaluate_phase4b_marmousi_fixed19_multisource.py,file,/root/autodl-tmp/work/FNO-Acoustic-Wave-Simulation/grouped-dual-head-v2/paper/tgrs_helmholtz_operator/experiment_evidence_bundle_20260813/12_phase4b_fixed19_rank15_multisource/evaluate_phase4b_marmousi_fixed19_multisource.py,36426,250dbbab33185c95661b38a54176ab119a29a09a6f7de98e3b8642a8d7f65aa3
12_phase4b_fixed19_rank15_multisource/multisource_composite.pdf,file,/root/autodl-tmp/work/FNO-Acoustic-Wave-Simulation/grouped-dual-head-v2/paper/tgrs_helmholtz_operator/experiment_evidence_bundle_20260813/12_phase4b_fixed19_rank15_multisource/multisource_composite.pdf,181465,5fd66f2427bc977a8e2c8a9cfdd0fd7d7e34d6d83cf547c003fbd4cb92a68ef8
12_phase4b_fixed19_rank15_multisource/multisource_composite.png,file,/root/autodl-tmp/work/FNO-Acoustic-Wave-Simulation/grouped-dual-head-v2/paper/tgrs_helmholtz_operator/experiment_evidence_bundle_20260813/12_phase4b_fixed19_rank15_multisource/multisource_composite.png,902687,6b728dd6851c3b3ce2f724ba7571ae1a20c6bbdcdeeac8eaaacb2da8d956d03a
12_phase4b_fixed19_rank15_multisource/prediction_manifest.json,file,/root/autodl-tmp/work/FNO-Acoustic-Wave-Simulation/grouped-dual-head-v2/paper/tgrs_helmholtz_operator/experiment_evidence_bundle_20260813/12_phase4b_fixed19_rank15_multisource/prediction_manifest.json,8789,37dfe068e4edcfb3eed2ec538bf48ba16535bbf2b41a99bbc1093c4dfcd5d1c9
12_phase4b_fixed19_rank15_multisource/report.json,file,/root/autodl-tmp/work/FNO-Acoustic-Wave-Simulation/grouped-dual-head-v2/paper/tgrs_helmholtz_operator/experiment_evidence_bundle_20260813/12_phase4b_fixed19_rank15_multisource/report.json,8939,40469a2b27eee7003168a999869972abc7a7cd4a87884ba18080a2ae02dda36f
13_phase4b_rank30_eight_source_superposition/README.md,file,/root/autodl-tmp/work/FNO-Acoustic-Wave-Simulation/grouped-dual-head-v2/paper/tgrs_helmholtz_operator/experiment_evidence_bundle_20260813/13_phase4b_rank30_eight_source_superposition/README.md,1120,3df711241f067fbfe61aa77bc10e729abf4dc0194c5810b5c133dc153377dd11
13_phase4b_rank30_eight_source_superposition/eight_source_superposition.pdf,file,/root/autodl-tmp/work/FNO-Acoustic-Wave-Simulation/grouped-dual-head-v2/paper/tgrs_helmholtz_operator/experiment_evidence_bundle_20260813/13_phase4b_rank30_eight_source_superposition/eight_source_superposition.pdf,309368,583627c0819acced856551245faab701c12f61810fb8f756e45a74595122c0b1
13_phase4b_rank30_eight_source_superposition/eight_source_superposition.png,file,/root/autodl-tmp/work/FNO-Acoustic-Wave-Simulation/grouped-dual-head-v2/paper/tgrs_helmholtz_operator/experiment_evidence_bundle_20260813/13_phase4b_rank30_eight_source_superposition/eight_source_superposition.png,1281239,32f5f72df20bd2f162e97fb5eecf915994366354be7fa7f22a276ee771ee7a50
13_phase4b_rank30_eight_source_superposition/eight_source_superposition_snapshots.npz,file,/root/autodl-tmp/work/FNO-Acoustic-Wave-Simulation/grouped-dual-head-v2/paper/tgrs_helmholtz_operator/experiment_evidence_bundle_20260813/13_phase4b_rank30_eight_source_superposition/eight_source_superposition_snapshots.npz,2573098,5fc2a57f1f6898a894df84e1839cf87bc9cea55d5a8835e5948fa6bd9a5fa5f3
13_phase4b_rank30_eight_source_superposition/experiment_plan.json,file,/root/autodl-tmp/work/FNO-Acoustic-Wave-Simulation/grouped-dual-head-v2/paper/tgrs_helmholtz_operator/experiment_evidence_bundle_20260813/13_phase4b_rank30_eight_source_superposition/experiment_plan.json,2517,3c3556af2f51ceae840b01b22475d587d3d481226e6046a067fa9c386b40e10e
13_phase4b_rank30_eight_source_superposition/render_phase4b_multisource_superposition.py,file,/root/autodl-tmp/work/FNO-Acoustic-Wave-Simulation/grouped-dual-head-v2/paper/tgrs_helmholtz_operator/experiment_evidence_bundle_20260813/13_phase4b_rank30_eight_source_superposition/render_phase4b_multisource_superposition.py,18139,4d2b67e16a690ae823e8d4a9f76cb339d91ee45e4590c90894c0e334993262c2
13_phase4b_rank30_eight_source_superposition/report.json,file,/root/autodl-tmp/work/FNO-Acoustic-Wave-Simulation/grouped-dual-head-v2/paper/tgrs_helmholtz_operator/experiment_evidence_bundle_20260813/13_phase4b_rank30_eight_source_superposition/report.json,9042,8d9d321e6baf02ff71cfc64e443cef4f637e2c7ceac6f1ac6bf80173678da312
99_historical_experiment_index/README.md,file,/root/autodl-tmp/work/FNO-Acoustic-Wave-Simulation/grouped-dual-head-v2/paper/tgrs_helmholtz_operator/experiment_evidence_bundle_20260813/99_historical_experiment_index/README.md,221,5f7687b9d0d98d7afa004a8c1f659f5b7c303f2e4c183c09b4121f37e0adabb1
99_historical_experiment_index/top_level_results_registry.csv,file,/root/autodl-tmp/work/FNO-Acoustic-Wave-Simulation/grouped-dual-head-v2/paper/tgrs_helmholtz_operator/experiment_evidence_bundle_20260813/99_historical_experiment_index/top_level_results_registry.csv,21199,5b3d70d62db9485f65ea55a458dadf5bbfef47fb6622635365cdb6537a53db59
14_runtime_comparison/README.md,file,/root/autodl-tmp/work/FNO-Acoustic-Wave-Simulation/grouped-dual-head-v2/paper/tgrs_helmholtz_operator/experiment_evidence_bundle_20260813/14_runtime_comparison/README.md,2081,e56ba6e7d28f895189271176d725e0b7759a66a2b5c61d7c988b7932c9315437
14_runtime_comparison/proposed_method_vs_lwc84_runtime.csv,file,/root/autodl-tmp/work/FNO-Acoustic-Wave-Simulation/grouped-dual-head-v2/paper/tgrs_helmholtz_operator/experiment_evidence_bundle_20260813/14_runtime_comparison/proposed_method_vs_lwc84_runtime.csv,669,df7c1631aa38b7ce1349386abbaa5f69bc018dd01bc6764babb06bcdea6de12f
14_runtime_comparison/proposed_method_vs_lwc84_runtime.json,file,/root/autodl-tmp/work/FNO-Acoustic-Wave-Simulation/grouped-dual-head-v2/paper/tgrs_helmholtz_operator/experiment_evidence_bundle_20260813/14_runtime_comparison/proposed_method_vs_lwc84_runtime.json,5906,16ecf205fb935660d51d43cbdf5898ac3767a4ac4b18fdb0c2a5e6ac2e4394a3
15_pi_deeponet_train_development_comparison/method_vs_pi_train_wavefield_snapshot_source.npz,file,/root/autodl-tmp/work/FNO-Acoustic-Wave-Simulation/grouped-dual-head-v2/paper/tgrs_helmholtz_operator/experiment_evidence_bundle_20260813/15_pi_deeponet_train_development_comparison/method_vs_pi_train_wavefield_snapshot_source.npz,1288834,149f3243ac46e9bf381270d8f0a1bb934198417bbb802911ec9979a6d4fbc80f
15_pi_deeponet_train_development_comparison/report.json,file,/root/autodl-tmp/work/FNO-Acoustic-Wave-Simulation/grouped-dual-head-v2/paper/tgrs_helmholtz_operator/experiment_evidence_bundle_20260813/15_pi_deeponet_train_development_comparison/report.json,7804,91df3b494dd54cd91ccdaae1b7ac4a986f4cb68a6f58fa61e1697fe57f6ad330
15_pi_deeponet_train_development_comparison/README.md,file,/root/autodl-tmp/work/FNO-Acoustic-Wave-Simulation/grouped-dual-head-v2/paper/tgrs_helmholtz_operator/experiment_evidence_bundle_20260813/15_pi_deeponet_train_development_comparison/README.md,1571,dabcb84ab70a663eb6acb485b01f09d0d7f0a94ceab09088bfd0c3960158af45
16_phase4b_update0265_pi_comparison/README.md,file,/root/autodl-tmp/work/FNO-Acoustic-Wave-Simulation/grouped-dual-head-v2/paper/tgrs_helmholtz_operator/experiment_evidence_bundle_20260813/16_phase4b_update0265_pi_comparison/README.md,1351,75d2aa2ee7a5a9c3772a68b0af377188817aa5e0c7acc338a74f72bc8f4c71bc
16_phase4b_update0265_pi_comparison/figure_report.json,file,/root/autodl-tmp/work/FNO-Acoustic-Wave-Simulation/grouped-dual-head-v2/paper/tgrs_helmholtz_operator/experiment_evidence_bundle_20260813/16_phase4b_update0265_pi_comparison/figure_report.json,2401,1c36c181eeea91f74fd73e5d76c673966803812507fb182be08d4925055883f9
EVIDENCE_STATUS.csv,file,/root/autodl-tmp/work/FNO-Acoustic-Wave-Simulation/grouped-dual-head-v2/paper/tgrs_helmholtz_operator/experiment_evidence_bundle_20260813/EVIDENCE_STATUS.csv,2369,06200eab47c3e4037233dd38a8556471e06618a6f13712735025bb5a5a70abe9
README.md,file,/root/autodl-tmp/work/FNO-Acoustic-Wave-Simulation/grouped-dual-head-v2/paper/tgrs_helmholtz_operator/experiment_evidence_bundle_20260813/README.md,6493,527ac1d364ddcca39d32fc02262edf54903d82632e14d4a356d510eeb0787949
README_zh.md,file,/root/autodl-tmp/work/FNO-Acoustic-Wave-Simulation/grouped-dual-head-v2/paper/tgrs_helmholtz_operator/experiment_evidence_bundle_20260813/README_zh.md,5804,950451a451827a19c78e647916859d44f9f97f5b9d3e85ad84f088c6a9662047
