record_id,slice_rank,case_id,role,record_relative_l2,late_relative_l2,spectrum_high_relative_l2,receiver_relative_l2
marm_r01_extrap_deep,1,extrap_deep,outside_train_position_range,0.6819111108779907,0.9148551821708679,0.9089223742485046,0.43585216999053955
marm_r01_extrap_left,1,extrap_left,outside_train_position_range,0.6218680143356323,0.723734974861145,0.7614604234695435,0.6049026846885681
marm_r01_extrap_right,1,extrap_right,outside_train_position_range,0.5530862808227539,0.7642276287078857,0.6490114331245422,0.327513188123703
marm_r01_interp_center,1,interp_center,interpolation,0.4303630292415619,0.580403208732605,0.8832424283027649,0.33941495418548584
marm_r01_interp_left_deep,1,interp_left_deep,interpolation,0.4511518180370331,0.629277765750885,0.8280385136604309,0.38768699765205383
marm_r01_interp_left_shallow,1,interp_left_shallow,interpolation,0.4429718554019928,0.5889073610305786,0.6796689033508301,0.39969828724861145
marm_r01_interp_right_deep,1,interp_right_deep,interpolation,0.4810054302215576,0.7169938087463379,0.7273985743522644,0.2592897415161133
marm_r01_interp_right_shallow,1,interp_right_shallow,interpolation,0.45311859250068665,0.6038013696670532,0.7954274415969849,0.3263872563838959
marm_r02_extrap_deep,2,extrap_deep,outside_train_position_range,0.6910910606384277,0.9014745950698853,0.8900057077407837,0.585241436958313
marm_r02_extrap_left,2,extrap_left,outside_train_position_range,0.5491432547569275,0.7102389931678772,0.686185896396637,0.8813085556030273
marm_r02_extrap_right,2,extrap_right,outside_train_position_range,0.5346783399581909,0.7124419808387756,0.6830313205718994,0.4302501082420349
marm_r02_interp_center,2,interp_center,interpolation,0.5038779973983765,0.7092283368110657,0.9441210627555847,0.5507001280784607
marm_r02_interp_left_deep,2,interp_left_deep,interpolation,0.4702732563018799,0.6607993245124817,0.8024235963821411,0.5387798547744751
marm_r02_interp_left_shallow,2,interp_left_shallow,interpolation,0.5160031914710999,0.6620118618011475,0.76845782995224,0.5146918296813965
marm_r02_interp_right_deep,2,interp_right_deep,interpolation,0.5021073818206787,0.7288451194763184,0.7171266078948975,0.37758195400238037
marm_r02_interp_right_shallow,2,interp_right_shallow,interpolation,0.5702901482582092,0.7764553427696228,0.8603941202163696,0.5209864377975464
marm_r03_extrap_deep,3,extrap_deep,outside_train_position_range,0.679203450679779,0.9141552448272705,0.886448860168457,0.43882495164871216
marm_r03_extrap_left,3,extrap_left,outside_train_position_range,0.6385161876678467,0.7574979066848755,0.7648796439170837,0.6664206385612488
marm_r03_extrap_right,3,extrap_right,outside_train_position_range,0.5328558087348938,0.7147620320320129,0.6734982132911682,0.27163559198379517
marm_r03_interp_center,3,interp_center,interpolation,0.4732890725135803,0.5888960361480713,0.8959718346595764,0.436722069978714
marm_r03_interp_left_deep,3,interp_left_deep,interpolation,0.5055474042892456,0.694757878780365,0.8250188231468201,0.44333919882774353
marm_r03_interp_left_shallow,3,interp_left_shallow,interpolation,0.5084602236747742,0.75074702501297,0.7460222244262695,0.42201507091522217
marm_r03_interp_right_deep,3,interp_right_deep,interpolation,0.4646017849445343,0.6891962289810181,0.6998899579048157,0.2772316634654999
marm_r03_interp_right_shallow,3,interp_right_shallow,interpolation,0.4618310332298279,0.5861769914627075,0.807351291179657,0.3222976624965668
marm_r04_extrap_deep,4,extrap_deep,outside_train_position_range,0.6744134426116943,0.9092678427696228,0.9477625489234924,0.601101815700531
marm_r04_extrap_left,4,extrap_left,outside_train_position_range,0.5589117407798767,0.7216009497642517,0.7068694829940796,0.8055832386016846
marm_r04_extrap_right,4,extrap_right,outside_train_position_range,0.5376762747764587,0.7446950078010559,0.6085309982299805,0.46085068583488464
marm_r04_interp_center,4,interp_center,interpolation,0.49014219641685486,0.6640319228172302,0.9786747097969055,0.4347114562988281
marm_r04_interp_left_deep,4,interp_left_deep,interpolation,0.4611697196960449,0.6652513742446899,0.8605530261993408,0.49102944135665894
marm_r04_interp_left_shallow,4,interp_left_shallow,interpolation,0.4710823595523834,0.5978347659111023,0.7207645177841187,0.48754608631134033
marm_r04_interp_right_deep,4,interp_right_deep,interpolation,0.5247762799263,0.7405103445053101,0.7323268055915833,0.38196733593940735
marm_r04_interp_right_shallow,4,interp_right_shallow,interpolation,0.5324491858482361,0.6869362592697144,0.8484383821487427,0.537297785282135
marm_r05_extrap_deep,5,extrap_deep,outside_train_position_range,0.6679682731628418,0.901964545249939,0.8836778998374939,0.44503048062324524
marm_r05_extrap_left,5,extrap_left,outside_train_position_range,0.6341649889945984,0.7543702721595764,0.7687652707099915,0.6437227725982666
marm_r05_extrap_right,5,extrap_right,outside_train_position_range,0.5292519927024841,0.6914005279541016,0.6764283776283264,0.32699111104011536
marm_r05_interp_center,5,interp_center,interpolation,0.441060334444046,0.6078235507011414,0.9372797012329102,0.36389532685279846
marm_r05_interp_left_deep,5,interp_left_deep,interpolation,0.5092626214027405,0.7222821116447449,0.8290245532989502,0.4863108992576599
marm_r05_interp_left_shallow,5,interp_left_shallow,interpolation,0.4975002110004425,0.7434655427932739,0.7320811748504639,0.36772266030311584
marm_r05_interp_right_deep,5,interp_right_deep,interpolation,0.4738856554031372,0.7025933861732483,0.6944140195846558,0.2653522789478302
marm_r05_interp_right_shallow,5,interp_right_shallow,interpolation,0.46854719519615173,0.68375164270401,0.8395747542381287,0.34831905364990234
marm_r06_extrap_deep,6,extrap_deep,outside_train_position_range,0.6727847456932068,0.904670774936676,0.8977659940719604,0.4618457853794098
marm_r06_extrap_left,6,extrap_left,outside_train_position_range,0.620276689529419,0.7175576090812683,0.758380115032196,0.5822699069976807
marm_r06_extrap_right,6,extrap_right,outside_train_position_range,0.49161016941070557,0.6632457375526428,0.636370837688446,0.2878017723560333
marm_r06_interp_center,6,interp_center,interpolation,0.4065214991569519,0.5836791396141052,0.9489852786064148,0.30949023365974426
marm_r06_interp_left_deep,6,interp_left_deep,interpolation,0.4337238669395447,0.6433250308036804,0.8176183700561523,0.4053792357444763
marm_r06_interp_left_shallow,6,interp_left_shallow,interpolation,0.48267897963523865,0.715247631072998,0.723876416683197,0.3405761122703552
marm_r06_interp_right_deep,6,interp_right_deep,interpolation,0.490101158618927,0.7054057717323303,0.7017225027084351,0.33985382318496704
marm_r06_interp_right_shallow,6,interp_right_shallow,interpolation,0.4018075466156006,0.5691595673561096,0.8018825054168701,0.3160858154296875
marm_r07_extrap_deep,7,extrap_deep,outside_train_position_range,0.6710818409919739,0.8752531409263611,0.8876734375953674,0.5763488411903381
marm_r07_extrap_left,7,extrap_left,outside_train_position_range,0.5666728615760803,0.7363914847373962,0.7099405527114868,0.7782080769538879
marm_r07_extrap_right,7,extrap_right,outside_train_position_range,0.5185887217521667,0.7185860872268677,0.6154561638832092,0.4462662935256958
marm_r07_interp_center,7,interp_center,interpolation,0.3985881209373474,0.5097430348396301,0.9487983584403992,0.40806475281715393
marm_r07_interp_left_deep,7,interp_left_deep,interpolation,0.43940454721450806,0.6188412308692932,0.8594807386398315,0.37319058179855347
marm_r07_interp_left_shallow,7,interp_left_shallow,interpolation,0.4870973527431488,0.6189678311347961,0.7378671765327454,0.5060768723487854
marm_r07_interp_right_deep,7,interp_right_deep,interpolation,0.5177275538444519,0.7181153893470764,0.6949924826622009,0.39765456318855286
marm_r07_interp_right_shallow,7,interp_right_shallow,interpolation,0.4829443097114563,0.593352198600769,0.825007438659668,0.540325403213501
marm_r08_extrap_deep,8,extrap_deep,outside_train_position_range,0.7000202536582947,0.9087905883789062,0.8681416511535645,0.5567649006843567
marm_r08_extrap_left,8,extrap_left,outside_train_position_range,0.5589559078216553,0.7327706813812256,0.6936761736869812,0.719784677028656
marm_r08_extrap_right,8,extrap_right,outside_train_position_range,0.48115167021751404,0.6475890278816223,0.6251406073570251,0.4855841398239136
marm_r08_interp_center,8,interp_center,interpolation,0.39135655760765076,0.5074569582939148,0.9366232752799988,0.45153170824050903
marm_r08_interp_left_deep,8,interp_left_deep,interpolation,0.4343329071998596,0.5856164693832397,0.8208723068237305,0.4042262136936188
marm_r08_interp_left_shallow,8,interp_left_shallow,interpolation,0.5081807971000671,0.6488500833511353,0.745434582233429,0.5149478912353516
marm_r08_interp_right_deep,8,interp_right_deep,interpolation,0.4826739430427551,0.668458104133606,0.712097704410553,0.4646022617816925
marm_r08_interp_right_shallow,8,interp_right_shallow,interpolation,0.4538114070892334,0.5739676356315613,0.7910626530647278,0.49591460824012756
marm_r09_extrap_deep,9,extrap_deep,outside_train_position_range,0.667732834815979,0.9092382192611694,0.9458324909210205,0.3949681222438812
marm_r09_extrap_left,9,extrap_left,outside_train_position_range,0.5995314717292786,0.695888340473175,0.7442235946655273,0.5518701076507568
marm_r09_extrap_right,9,extrap_right,outside_train_position_range,0.479632705450058,0.6320801973342896,0.6661269664764404,0.2575916051864624
marm_r09_interp_center,9,interp_center,interpolation,0.3876974582672119,0.5284388065338135,0.9334869384765625,0.3437049090862274
marm_r09_interp_left_deep,9,interp_left_deep,interpolation,0.4547838270664215,0.6687759757041931,0.8602316379547119,0.3164401948451996
marm_r09_interp_left_shallow,9,interp_left_shallow,interpolation,0.4872376322746277,0.724098801612854,0.7214317321777344,0.33556365966796875
marm_r09_interp_right_deep,9,interp_right_deep,interpolation,0.4760017693042755,0.6946366429328918,0.7028017044067383,0.38191455602645874
marm_r09_interp_right_shallow,9,interp_right_shallow,interpolation,0.4110413193702698,0.5541446805000305,0.7887066602706909,0.30382078886032104
marm_r10_extrap_deep,10,extrap_deep,outside_train_position_range,0.6791937947273254,0.8971925973892212,0.8886559009552002,0.5736798048019409
marm_r10_extrap_left,10,extrap_left,outside_train_position_range,0.5562407374382019,0.7280969619750977,0.6915755867958069,0.6375072598457336
marm_r10_extrap_right,10,extrap_right,outside_train_position_range,0.487491250038147,0.6484482884407043,0.6309873461723328,0.4474017918109894
marm_r10_interp_center,10,interp_center,interpolation,0.40842360258102417,0.5081139802932739,0.9335962533950806,0.47217753529548645
marm_r10_interp_left_deep,10,interp_left_deep,interpolation,0.4312230944633484,0.5769534707069397,0.8122197985649109,0.4441545605659485
marm_r10_interp_left_shallow,10,interp_left_shallow,interpolation,0.5295599102973938,0.6754392981529236,0.7598354816436768,0.4973321557044983
marm_r10_interp_right_deep,10,interp_right_deep,interpolation,0.4579600691795349,0.6612608432769775,0.7076770663261414,0.42584526538848877
marm_r10_interp_right_shallow,10,interp_right_shallow,interpolation,0.49515214562416077,0.6845607161521912,0.8041742444038391,0.457490473985672
marm_r11_extrap_deep,11,extrap_deep,outside_train_position_range,0.68257075548172,0.908402681350708,0.9001271724700928,0.38637059926986694
marm_r11_extrap_left,11,extrap_left,outside_train_position_range,0.6000955104827881,0.6990094780921936,0.7480168342590332,0.5457364320755005
marm_r11_extrap_right,11,extrap_right,outside_train_position_range,0.48342469334602356,0.6286372542381287,0.6752322316169739,0.2991344928741455
marm_r11_interp_center,11,interp_center,interpolation,0.38525933027267456,0.5227404832839966,0.9261230826377869,0.37591928243637085
marm_r11_interp_left_deep,11,interp_left_deep,interpolation,0.45580512285232544,0.6684302687644958,0.8596672415733337,0.26867353916168213
marm_r11_interp_left_shallow,11,interp_left_shallow,interpolation,0.47197920083999634,0.696012020111084,0.7177913784980774,0.32943636178970337
marm_r11_interp_right_deep,11,interp_right_deep,interpolation,0.44871288537979126,0.6572974324226379,0.7315587401390076,0.39018064737319946
marm_r11_interp_right_shallow,11,interp_right_shallow,interpolation,0.41843199729919434,0.534857451915741,0.7755885720252991,0.31254079937934875
marm_r12_extrap_deep,12,extrap_deep,outside_train_position_range,0.6861386299133301,0.9062477946281433,0.897299587726593,0.3983095586299896
marm_r12_extrap_left,12,extrap_left,outside_train_position_range,0.5949281454086304,0.7020410895347595,0.7481063008308411,0.5110687613487244
marm_r12_extrap_right,12,extrap_right,outside_train_position_range,0.5228855013847351,0.668158769607544,0.6767461895942688,0.42676204442977905
marm_r12_interp_center,12,interp_center,interpolation,0.4172346293926239,0.5678834915161133,0.886060357093811,0.3976173400878906
marm_r12_interp_left_deep,12,interp_left_deep,interpolation,0.45282047986984253,0.6700868606567383,0.854606568813324,0.27565327286720276
marm_r12_interp_left_shallow,12,interp_left_shallow,interpolation,0.45745745301246643,0.6767833828926086,0.6970744729042053,0.31506723165512085
marm_r12_interp_right_deep,12,interp_right_deep,interpolation,0.44247984886169434,0.6513406038284302,0.7152559757232666,0.3159923255443573
marm_r12_interp_right_shallow,12,interp_right_shallow,interpolation,0.39918044209480286,0.5367426872253418,0.7604016065597534,0.2797115743160248
marm_r13_extrap_deep,13,extrap_deep,outside_train_position_range,0.66924649477005,0.8872281312942505,0.9070980548858643,0.6075729131698608
marm_r13_extrap_left,13,extrap_left,outside_train_position_range,0.5515714287757874,0.7298708558082581,0.6890706419944763,0.605546236038208
marm_r13_extrap_right,13,extrap_right,outside_train_position_range,0.48529598116874695,0.6238347291946411,0.6532559394836426,0.49660181999206543
marm_r13_interp_center,13,interp_center,interpolation,0.45716381072998047,0.5678136348724365,0.9607106447219849,0.5797412395477295
marm_r13_interp_left_deep,13,interp_left_deep,interpolation,0.43642109632492065,0.5719443559646606,0.8003896474838257,0.4620847702026367
marm_r13_interp_left_shallow,13,interp_left_shallow,interpolation,0.5327653288841248,0.6861340403556824,0.7596684098243713,0.47179272770881653
marm_r13_interp_right_deep,13,interp_right_deep,interpolation,0.4547802209854126,0.6573020219802856,0.6808294057846069,0.37647467851638794
marm_r13_interp_right_shallow,13,interp_right_shallow,interpolation,0.6355963349342346,0.8556066155433655,0.8597785234451294,0.5254837870597839
marm_r14_extrap_deep,14,extrap_deep,outside_train_position_range,0.6881836652755737,0.9069458842277527,0.8870853781700134,0.40479370951652527
marm_r14_extrap_left,14,extrap_left,outside_train_position_range,0.5753859877586365,0.6854255795478821,0.7494764924049377,0.48336535692214966
marm_r14_extrap_right,14,extrap_right,outside_train_position_range,0.5613635778427124,0.6784982681274414,0.6844296455383301,0.42420125007629395
marm_r14_interp_center,14,interp_center,interpolation,0.42049768567085266,0.579115092754364,0.8957264423370361,0.3379979431629181
marm_r14_interp_left_deep,14,interp_left_deep,interpolation,0.4444955289363861,0.6599506139755249,0.849831759929657,0.2751213610172272
marm_r14_interp_left_shallow,14,interp_left_shallow,interpolation,0.45458412170410156,0.6764959096908569,0.6968513131141663,0.3050217628479004
marm_r14_interp_right_deep,14,interp_right_deep,interpolation,0.4676378071308136,0.6655383706092834,0.7113931179046631,0.2692241668701172
marm_r14_interp_right_shallow,14,interp_right_shallow,interpolation,0.5192921161651611,0.7686160802841187,0.798763632774353,0.3451266884803772
marm_r15_extrap_deep,15,extrap_deep,outside_train_position_range,0.6776679158210754,0.8883402943611145,0.9275444746017456,0.6235862970352173
marm_r15_extrap_left,15,extrap_left,outside_train_position_range,0.5444654822349548,0.7290223836898804,0.6754317283630371,0.5951153635978699
marm_r15_extrap_right,15,extrap_right,outside_train_position_range,0.5158942937850952,0.7169027924537659,0.6561325788497925,0.5484310984611511
marm_r15_interp_center,15,interp_center,interpolation,0.634302020072937,0.8107315301895142,1.040174961090088,0.6439391374588013
marm_r15_interp_left_deep,15,interp_left_deep,interpolation,0.43788349628448486,0.583767294883728,0.8028972148895264,0.45619070529937744
marm_r15_interp_left_shallow,15,interp_left_shallow,interpolation,0.5339388251304626,0.6872823238372803,0.7599895000457764,0.48738011717796326
marm_r15_interp_right_deep,15,interp_right_deep,interpolation,0.4498917758464813,0.6303414702415466,0.6788341403007507,0.3323107659816742
marm_r15_interp_right_shallow,15,interp_right_shallow,interpolation,0.5632399320602417,0.7145898938179016,0.808258593082428,0.52427738904953
marm_r16_extrap_deep,16,extrap_deep,outside_train_position_range,0.6800203919410706,0.8878397345542908,0.9228789806365967,0.6371855735778809
marm_r16_extrap_left,16,extrap_left,outside_train_position_range,0.5435125827789307,0.7316020131111145,0.6635021567344666,0.5941495299339294
marm_r16_extrap_right,16,extrap_right,outside_train_position_range,0.49687886238098145,0.678638756275177,0.6689793467521667,0.4941878020763397
marm_r16_interp_center,16,interp_center,interpolation,0.615032970905304,0.7856060862541199,1.043421745300293,0.5497527718544006
marm_r16_interp_left_deep,16,interp_left_deep,interpolation,0.431901216506958,0.5941920876502991,0.8077294826507568,0.4333305358886719
marm_r16_interp_left_shallow,16,interp_left_shallow,interpolation,0.5246904492378235,0.6757155060768127,0.749416708946228,0.5152041912078857
marm_r16_interp_right_deep,16,interp_right_deep,interpolation,0.4799500107765198,0.7155306339263916,0.775161862373352,0.346123605966568
marm_r16_interp_right_shallow,16,interp_right_shallow,interpolation,0.5063778758049011,0.6285574436187744,0.791674017906189,0.5299788117408752
marm_r17_extrap_deep,17,extrap_deep,outside_train_position_range,0.6929751038551331,0.913323700428009,0.8671227693557739,0.3942367434501648
marm_r17_extrap_left,17,extrap_left,outside_train_position_range,0.5577396154403687,0.6676421761512756,0.7385170459747314,0.4939056932926178
marm_r17_extrap_right,17,extrap_right,outside_train_position_range,0.5409632325172424,0.6535778641700745,0.69330233335495,0.3947707414627075
marm_r17_interp_center,17,interp_center,interpolation,0.41376155614852905,0.5729074478149414,0.881867527961731,0.32626569271087646
marm_r17_interp_left_deep,17,interp_left_deep,interpolation,0.4508640766143799,0.6745942831039429,0.8470609188079834,0.27955085039138794
marm_r17_interp_left_shallow,17,interp_left_shallow,interpolation,0.4502059817314148,0.6738567352294922,0.7161364555358887,0.3076520264148712
marm_r17_interp_right_deep,17,interp_right_deep,interpolation,0.45682674646377563,0.6394771337509155,0.7473876476287842,0.33081963658332825
marm_r17_interp_right_shallow,17,interp_right_shallow,interpolation,0.5286440253257751,0.7791786789894104,0.7755066752433777,0.2883685529232025
marm_r18_extrap_deep,18,extrap_deep,outside_train_position_range,0.6792095899581909,0.8868337273597717,0.9442137479782104,0.6323240995407104
marm_r18_extrap_left,18,extrap_left,outside_train_position_range,0.5439190864562988,0.7312925457954407,0.6641049981117249,0.5825945138931274
marm_r18_extrap_right,18,extrap_right,outside_train_position_range,0.4851049780845642,0.6214691996574402,0.6900745630264282,0.5457094311714172
marm_r18_interp_center,18,interp_center,interpolation,0.5966553688049316,0.7634369730949402,1.0450470447540283,0.5115106105804443
marm_r18_interp_left_deep,18,interp_left_deep,interpolation,0.43175750970840454,0.5990102887153625,0.7956638932228088,0.4198826849460602
marm_r18_interp_left_shallow,18,interp_left_shallow,interpolation,0.5106757283210754,0.6581243872642517,0.7353264689445496,0.5251511931419373
marm_r18_interp_right_deep,18,interp_right_deep,interpolation,0.49022242426872253,0.7201470732688904,0.7606667280197144,0.35448554158210754
marm_r18_interp_right_shallow,18,interp_right_shallow,interpolation,0.512559175491333,0.6398530006408691,0.8033487796783447,0.5317508578300476
marm_r19_extrap_deep,19,extrap_deep,outside_train_position_range,0.7420873045921326,1.002017617225647,1.1456645727157593,0.7721817493438721
marm_r19_extrap_left,19,extrap_left,outside_train_position_range,0.6899400353431702,0.8782273530960083,0.7458545565605164,0.5612832307815552
marm_r19_extrap_right,19,extrap_right,outside_train_position_range,0.7460564374923706,0.973124623298645,1.121961236000061,0.603329062461853
marm_r19_interp_center,19,interp_center,interpolation,0.6549745798110962,0.9326856732368469,1.0351624488830566,0.5150832533836365
marm_r19_interp_left_deep,19,interp_left_deep,interpolation,0.6469651460647583,0.8935560584068298,0.9372231364250183,0.5884773135185242
marm_r19_interp_left_shallow,19,interp_left_shallow,interpolation,0.5721713304519653,0.795748233795166,0.7768759727478027,0.47672349214553833
marm_r19_interp_right_deep,19,interp_right_deep,interpolation,0.7325442433357239,0.9326297044754028,1.3244880437850952,0.4592443108558655
marm_r19_interp_right_shallow,19,interp_right_shallow,interpolation,0.6174008846282959,0.8571756482124329,0.9513517618179321,0.5369316935539246
marm_r20_extrap_deep,20,extrap_deep,outside_train_position_range,0.7328605651855469,1.001818060874939,1.0462660789489746,0.7697935104370117
marm_r20_extrap_left,20,extrap_left,outside_train_position_range,0.6901553869247437,0.8741574883460999,0.7584624886512756,0.6453548073768616
marm_r20_extrap_right,20,extrap_right,outside_train_position_range,0.7495822310447693,0.9057810306549072,1.108756422996521,0.6890450716018677
marm_r20_interp_center,20,interp_center,interpolation,0.6535564064979553,0.9151226282119751,0.9450681805610657,0.527245044708252
marm_r20_interp_left_deep,20,interp_left_deep,interpolation,0.644523561000824,0.8871150016784668,0.9374188780784607,0.5865076780319214
marm_r20_interp_left_shallow,20,interp_left_shallow,interpolation,0.5809468626976013,0.7975876927375793,0.7770853042602539,0.5103273391723633
marm_r20_interp_right_deep,20,interp_right_deep,interpolation,0.6948621869087219,0.9317747950553894,1.2286121845245361,0.5546911358833313
marm_r20_interp_right_shallow,20,interp_right_shallow,interpolation,0.6582359671592712,0.9210930466651917,0.9390658140182495,0.5209201574325562
marm_r21_extrap_deep,21,extrap_deep,outside_train_position_range,0.7488875985145569,1.0033925771713257,1.3192981481552124,0.7130240201950073
marm_r21_extrap_left,21,extrap_left,outside_train_position_range,0.6458150744438171,0.8451403975486755,0.7213775515556335,0.5452388525009155
marm_r21_extrap_right,21,extrap_right,outside_train_position_range,0.6934236288070679,0.9048798084259033,0.7816726565361023,0.6317757368087769
marm_r21_interp_center,21,interp_center,interpolation,0.6244598627090454,0.8689245581626892,1.0287346839904785,0.4865603744983673
marm_r21_interp_left_deep,21,interp_left_deep,interpolation,0.6520201563835144,0.9205062985420227,0.9550443291664124,0.5865256786346436
marm_r21_interp_left_shallow,21,interp_left_shallow,interpolation,0.5771454572677612,0.8267211318016052,0.7774065136909485,0.505222499370575
marm_r21_interp_right_deep,21,interp_right_deep,interpolation,0.6862614154815674,0.9449465274810791,1.0074172019958496,0.5274025797843933
marm_r21_interp_right_shallow,21,interp_right_shallow,interpolation,0.5416143536567688,0.7479850053787231,0.8600762486457825,0.4814816117286682
marm_r22_extrap_deep,22,extrap_deep,outside_train_position_range,0.7653009295463562,1.0012801885604858,1.3685213327407837,0.7350561618804932
marm_r22_extrap_left,22,extrap_left,outside_train_position_range,0.6305955052375793,0.8329880237579346,0.71495121717453,0.5014315843582153
marm_r22_extrap_right,22,extrap_right,outside_train_position_range,0.6890127658843994,0.8684481382369995,0.7781404852867126,0.5670781135559082
marm_r22_interp_center,22,interp_center,interpolation,0.6054984331130981,0.8310131430625916,1.0152976512908936,0.4665919542312622
marm_r22_interp_left_deep,22,interp_left_deep,interpolation,0.6514679193496704,0.9398561120033264,0.9762140512466431,0.5186232924461365
marm_r22_interp_left_shallow,22,interp_left_shallow,interpolation,0.6270291805267334,0.9133766293525696,0.8064485192298889,0.6009355783462524
marm_r22_interp_right_deep,22,interp_right_deep,interpolation,0.6504107713699341,0.9006854891777039,0.9300234317779541,0.5547342300415039
marm_r22_interp_right_shallow,22,interp_right_shallow,interpolation,0.5523331761360168,0.749481201171875,0.8524250388145447,0.48233044147491455
marm_r23_extrap_deep,23,extrap_deep,outside_train_position_range,0.7855469584465027,1.0030275583267212,1.505819320678711,0.7634106278419495
marm_r23_extrap_left,23,extrap_left,outside_train_position_range,0.7106236219406128,0.9157864451408386,0.7495162487030029,0.6275666952133179
marm_r23_extrap_right,23,extrap_right,outside_train_position_range,0.6693427562713623,0.8886008262634277,0.6976296901702881,0.579681396484375
marm_r23_interp_center,23,interp_center,interpolation,0.5769779086112976,0.7684405446052551,0.9889049530029297,0.4498870074748993
marm_r23_interp_left_deep,23,interp_left_deep,interpolation,0.6488274335861206,0.9399723410606384,1.0009946823120117,0.48929256200790405
marm_r23_interp_left_shallow,23,interp_left_shallow,interpolation,0.6152002811431885,0.8973050713539124,0.8672121167182922,0.6526252627372742
marm_r23_interp_right_deep,23,interp_right_deep,interpolation,0.6290885210037231,0.8786768913269043,0.9380294680595398,0.5074204206466675
marm_r23_interp_right_shallow,23,interp_right_shallow,interpolation,0.5739855766296387,0.7637727856636047,0.8571792244911194,0.43826791644096375
marm_r24_extrap_deep,24,extrap_deep,outside_train_position_range,0.8080325722694397,1.0213695764541626,1.2742253541946411,0.6584493517875671
marm_r24_extrap_left,24,extrap_left,outside_train_position_range,0.6145883202552795,0.8226505517959595,0.7720296382904053,0.819449245929718
marm_r24_extrap_right,24,extrap_right,outside_train_position_range,0.6572125554084778,0.8584886193275452,0.73288893699646,0.647297739982605
marm_r24_interp_center,24,interp_center,interpolation,0.5568566918373108,0.744479238986969,0.9745245575904846,0.3853011131286621
marm_r24_interp_left_deep,24,interp_left_deep,interpolation,0.6734371185302734,0.9573788642883301,1.0076392889022827,0.4725446403026581
marm_r24_interp_left_shallow,24,interp_left_shallow,interpolation,0.5700274705886841,0.8023228645324707,0.9066396951675415,0.6541969180107117
marm_r24_interp_right_deep,24,interp_right_deep,interpolation,0.6332478523254395,0.8890302181243896,0.9091455936431885,0.5667338371276855
marm_r24_interp_right_shallow,24,interp_right_shallow,interpolation,0.5886231660842896,0.7758887410163879,0.8776265382766724,0.3868599236011505
marm_r25_extrap_deep,25,extrap_deep,outside_train_position_range,0.7928478121757507,1.0088549852371216,1.071649193763733,0.7178502678871155
marm_r25_extrap_left,25,extrap_left,outside_train_position_range,0.7163860201835632,0.897769033908844,0.8238221406936646,0.775259256362915
marm_r25_extrap_right,25,extrap_right,outside_train_position_range,0.6609822511672974,0.8628111481666565,0.8043742775917053,0.5773977041244507
marm_r25_interp_center,25,interp_center,interpolation,0.6487367749214172,0.8875272274017334,0.9891719222068787,0.4099869132041931
marm_r25_interp_left_deep,25,interp_left_deep,interpolation,0.720823347568512,0.9213636517524719,0.977099597454071,0.49638989567756653
marm_r25_interp_left_shallow,25,interp_left_shallow,interpolation,0.8090677857398987,1.0194017887115479,0.9117692112922668,0.6061775088310242
marm_r25_interp_right_deep,25,interp_right_deep,interpolation,0.6693534255027771,0.9406080842018127,0.9241619110107422,0.5659405589103699
marm_r25_interp_right_shallow,25,interp_right_shallow,interpolation,0.6323843002319336,0.9113894104957581,0.9200917482376099,0.5029399991035461
marm_r26_extrap_deep,26,extrap_deep,outside_train_position_range,0.7822449207305908,1.018879771232605,1.2396678924560547,0.7055158615112305
marm_r26_extrap_left,26,extrap_left,outside_train_position_range,0.7486768960952759,0.8873479962348938,0.9034832119941711,0.662990152835846
marm_r26_extrap_right,26,extrap_right,outside_train_position_range,0.6912632584571838,0.9092972874641418,0.7932324409484863,0.5746303200721741
marm_r26_interp_center,26,interp_center,interpolation,0.5676589608192444,0.7819920182228088,0.9802003502845764,0.37489986419677734
marm_r26_interp_left_deep,26,interp_left_deep,interpolation,0.6683138012886047,0.9442775249481201,0.9916372299194336,0.48928773403167725
marm_r26_interp_left_shallow,26,interp_left_shallow,interpolation,0.5867606401443481,0.8087901473045349,0.8237090110778809,0.5175228714942932
marm_r26_interp_right_deep,26,interp_right_deep,interpolation,0.6343686580657959,0.8837196230888367,0.931158185005188,0.5532323122024536
marm_r26_interp_right_shallow,26,interp_right_shallow,interpolation,0.5910698175430298,0.7790496349334717,0.8835050463676453,0.35670149326324463
marm_r27_extrap_deep,27,extrap_deep,outside_train_position_range,0.8161790370941162,1.0204542875289917,1.2222610712051392,0.668694794178009
marm_r27_extrap_left,27,extrap_left,outside_train_position_range,0.8759493827819824,1.0421732664108276,0.9329676032066345,0.4837096333503723
marm_r27_extrap_right,27,extrap_right,outside_train_position_range,0.6856629848480225,0.8987643122673035,0.8585429787635803,0.5422582626342773
marm_r27_interp_center,27,interp_center,interpolation,0.6051745414733887,0.837417721748352,1.0097383260726929,0.38921988010406494
marm_r27_interp_left_deep,27,interp_left_deep,interpolation,0.7073706984519958,0.925552487373352,1.015121579170227,0.5381116271018982
marm_r27_interp_left_shallow,27,interp_left_shallow,interpolation,0.9183095097541809,1.0923677682876587,0.9629272222518921,0.5043601989746094
marm_r27_interp_right_deep,27,interp_right_deep,interpolation,0.6652213335037231,0.9280872344970703,0.9830241799354553,0.5287553668022156
marm_r27_interp_right_shallow,27,interp_right_shallow,interpolation,0.5742053389549255,0.8248095512390137,0.9089277386665344,0.36215052008628845
marm_r28_extrap_deep,28,extrap_deep,outside_train_position_range,0.7886086702346802,1.0114624500274658,1.07294499874115,0.707426905632019
marm_r28_extrap_left,28,extrap_left,outside_train_position_range,0.8690478801727295,1.0430448055267334,0.8736616373062134,0.6483078002929688
marm_r28_extrap_right,28,extrap_right,outside_train_position_range,0.6644843220710754,0.8729643821716309,0.8263816833496094,0.5794066190719604
marm_r28_interp_center,28,interp_center,interpolation,0.6030776500701904,0.8327920436859131,0.9621959328651428,0.41009384393692017
marm_r28_interp_left_deep,28,interp_left_deep,interpolation,0.6641455888748169,0.895420491695404,0.9700333476066589,0.5018001794815063
marm_r28_interp_left_shallow,28,interp_left_shallow,interpolation,0.8020753860473633,0.9533498287200928,0.9309144020080566,0.5158246755599976
marm_r28_interp_right_deep,28,interp_right_deep,interpolation,0.6614872813224792,0.9226123690605164,0.9233709573745728,0.549932599067688
marm_r28_interp_right_shallow,28,interp_right_shallow,interpolation,0.5912809371948242,0.8322238922119141,0.9007418155670166,0.43244147300720215
marm_r29_extrap_deep,29,extrap_deep,outside_train_position_range,0.8064166903495789,1.0121605396270752,1.2271454334259033,0.6666489243507385
marm_r29_extrap_left,29,extrap_left,outside_train_position_range,0.9260666370391846,1.0408376455307007,0.9752711653709412,0.6626706719398499
marm_r29_extrap_right,29,extrap_right,outside_train_position_range,0.6860819458961487,0.8908259868621826,0.843411922454834,0.5602726340293884
marm_r29_interp_center,29,interp_center,interpolation,0.6204005479812622,0.8387879729270935,1.0250180959701538,0.43152010440826416
marm_r29_interp_left_deep,29,interp_left_deep,interpolation,0.688202440738678,0.9625813961029053,0.9766445159912109,0.5599783658981323
marm_r29_interp_left_shallow,29,interp_left_shallow,interpolation,0.6947829723358154,0.8640155792236328,0.9426253437995911,0.4929538369178772
marm_r29_interp_right_deep,29,interp_right_deep,interpolation,0.6545873284339905,0.9190502762794495,1.0634361505508423,0.5123474597930908
marm_r29_interp_right_shallow,29,interp_right_shallow,interpolation,0.5561309456825256,0.7957972884178162,0.8849179744720459,0.3874376118183136
marm_r30_extrap_deep,30,extrap_deep,outside_train_position_range,0.7896879315376282,1.0153675079345703,1.13926100730896,0.7250658273696899
marm_r30_extrap_left,30,extrap_left,outside_train_position_range,0.9846256971359253,1.1054718494415283,0.9408642649650574,0.8133593201637268
marm_r30_extrap_right,30,extrap_right,outside_train_position_range,0.678210973739624,0.8939579129219055,0.8204383254051208,0.5605378150939941
marm_r30_interp_center,30,interp_center,interpolation,0.5761595964431763,0.7908507585525513,0.9527540802955627,0.3841720521450043
marm_r30_interp_left_deep,30,interp_left_deep,interpolation,0.6324780583381653,0.8877431750297546,0.9737293124198914,0.46925804018974304
marm_r30_interp_left_shallow,30,interp_left_shallow,interpolation,0.6811161637306213,0.830930233001709,0.8638497591018677,0.5102453231811523
marm_r30_interp_right_deep,30,interp_right_deep,interpolation,0.6474413871765137,0.9001845121383667,0.9524770975112915,0.5379053354263306
marm_r30_interp_right_shallow,30,interp_right_shallow,interpolation,0.5890554785728455,0.793125569820404,0.9007421731948853,0.38423535227775574
